<?xml version="1.0" encoding="UTF-8"?>
<CompositionPlaylist xmlns="http://www.digicine.com/PROTO-ASDCP-CPL-20040511#">
  <Id>urn:uuid:14e4c256-7c17-854d-99e2-c63c4afffb86</Id>
  <AnnotationText>BBC4_LOGO_177_EN-XX_GB-XX_00</AnnotationText>
  <IssueDate>2007-06-01T11:16:14+01:00</IssueDate>
  <Issuer>Doremi Labs, Inc.</Issuer>
  <Creator>orca_wrapping 1.2.37</Creator>
  <ContentTitleText>BBC4_LOGO_177_EN-XX_GB-XX_00</ContentTitleText>
  <ContentKind>advertisement</ContentKind>
  <RatingList/>
  <ReelList>
    <Reel>
      <Id>urn:uuid:737ced56-fdfa-af48-8519-dd3d200dca27</Id>
      <AssetList>
        <MainPicture>
          <Id>urn:uuid:38366cdf-acda-734e-b498-b25d743d963d</Id>
          <EditRate>24 1</EditRate>
          <IntrinsicDuration>119</IntrinsicDuration>
          <EntryPoint>0</EntryPoint>
          <Duration>119</Duration>
          <Hash>iiGo9OoTjPS/yU4TEP0isp5k/Us=</Hash>
          <FrameRate>24 1</FrameRate>
          <ScreenAspectRatio>1.78</ScreenAspectRatio>
        </MainPicture>
      </AssetList>
    </Reel>
  </ReelList>
</CompositionPlaylist>
<!-- Generated by orca_wrapping version 1.2.37 -->