<?xml version="1.0" encoding="UTF-8" standalone="no"?>
<PackingList xmlns="http://www.digicine.com/PROTO-ASDCP-PKL-20040311#">
<Id>urn:uuid:b1ad7aef-dee2-3a22-8aea-0537ac014db0</Id>
<AnnotationText>BBC4_LOGO_177_EN-XX_GB-XX_00</AnnotationText>
<IssueDate>2014-07-16T08:43:31-00:00</IssueDate>
<Issuer>Arts Alliance Media</Issuer>
<Creator>TMS</Creator>
<AssetList>

<Asset>
<Id>urn:uuid:14e4c256-7c17-854d-99e2-c63c4afffb86</Id>
<Hash>aFyUMNBUtDiEpXamC5nn8ikucXw=</Hash>
<Size>1133</Size>
<Type>text/xml;asdcpKind=CPL</Type>
</Asset>


<Asset>
<Id>urn:uuid:38366cdf-acda-734e-b498-b25d743d963d</Id>
<Hash>0GEue7INUM3LM8mR9xJYZbJ8WHI=</Hash>
<Size>480</Size>
<Type>application/x-smpte-mxf;asdcpKind=Picture</Type>
</Asset>

</AssetList>
</PackingList>
